filename,ElectronEnergy(Hart.),ThermalCorrectionGibbs(Hart.),ZeroPointViberationEnergy(Hart.),SolvationEnergy(Hart.),GibssFreeEnergy_298K(Hart.),Voltage,idx,smiles
mol_0_,-951.530721,0.301799,0.353743,-0.05988000000002103,-950.875179,3.674002890089349,0,c1ccc([B-](c2ccccc2)(c2ccccc2)c2ccccc2)cc1
mol_100_,-655.6476409,0.054686,0.090316,-0.08143170000005284,-655.5026389000001,4.533259909311232,100,Fc1ccccc1[B-](F)(F)F
mol_101_,-637.356691,0.149856,0.193869,-0.0856600999999273,-637.012966,4.817015818523069,101,CCCCCCC#C[B-](F)(F)F
mol_102_,-595.6997775,0.089103,0.125358,-0.08255459999998038,-595.4853165,3.4569423273061743,102,F[B-](F)(F)Cc1ccccc1
mol_103_,-916.5466826,0.371776,0.429894,-0.08080330000007052,-915.7450126000001,3.74435273876952,103,CC(C)O[B-](C#CC1=CCCCC1)(OC(C)C)OC(C)C
mol_104_,-635.003365,0.113744,0.151591,-0.07743700000003173,-634.73803,4.088782093071449,104,Cc1cccc(C)c1[B-](F)(F)F
mol_105_,-534.6646438,0.278242,0.324512,-0.05501670000001013,-534.0618898,2.371187802765317,105,C=CC[B-](CC=C)(CC=C)CCCC
mol_106_,-806.2459223,0.394131,0.454031,-0.0548338999999487,-805.3977603,3.1977665512757807,106,CCCC[B-](C#Cc1ccccc1)(CCCC)CCCC
mol_107_,-670.9174721,0.09128,0.129525,-0.08476710000002186,-670.6966671000001,3.9772068466630563,107,COc1cccc([B-](F)(F)F)c1
mol_108_,-520.6780264,0.100034,0.136348,-0.08194690000004812,-520.4416444,3.662682912888466,108,F[B-](F)(F)C1CCCC1
mol_109_,-669.7256266,0.069508,0.107395,-0.08017580000000635,-669.5487236,18217.644145326216,109,O=Cc1cccc([B-](F)(F)F)c1
mol_10_,-556.3899639,0.06295,0.098219,-0.08193679999999404,-556.2287949,4.4792614411563925,10,F[B-](F)(F)c1ccccc1
mol_110_,-238.7280143,0.111835,0.141795,-0.08995710000002077,-238.4743843,2.3263868160858103,110,[BH3-]N1CCCC1
mol_111_,-631.6302017,0.066136,0.10219,-0.08670060000008561,-631.4618757000001,4.037540148213017,111,Oc1cccc([B-](F)(F)F)c1
mol_112_,-670.927858,0.090205,0.129694,-0.09056610000004639,-670.7079590000001,4.377558521014921,112,OCc1ccc([B-](F)(F)F)cc1
mol_113_,-655.6453659,0.05403,0.090216,-0.07726060000004509,-655.5011198999999,4.524310052335565,113,Fc1cccc([B-](F)(F)F)c1
mol_114_,-482.5727974,0.093662,0.128271,-0.08061129999998684,-482.35086440000003,3.6151580566940873,114,CCC(C)[B-](F)(F)F
mol_115_,-443.267129,0.068393,0.100815,-0.08185839999998734,-443.097921,3.6119743131057587,115,CC(C)[B-](F)(F)F
mol_116_,-574.8320165,0.089824,0.128234,-0.07941779999998744,-574.6139585,3.783091006892812,116,N#CCCCC[B-](F)(F)F
mol_117_,-556.6105494,0.073208,0.110041,-0.0915569000000005,-556.4273003999999,3.7167004290784074,117,CC(=O)CC[B-](F)(F)F
mol_118_,-559.9658506,0.121335,0.160927,-0.08331359999999677,-559.6835885999999,4.201641721509221,118,CCCCC=C[B-](F)(F)F
mol_119_,-918.9549031,0.408831,0.47192,-0.08109530000001541,-918.0741521000001,4.297570364824159,119,CCCCCCC#C[B-](OC(C)C)(OC(C)C)OC(C)C
mol_11_,-670.9177394,0.092583,0.129792,-0.08909259999995811,-670.6953644,3.9255866621757254,11,COc1ccccc1[B-](F)(F)F
mol_120_,-615.3261513,0.143577,0.181256,-0.08596199999999499,-615.0013183,2.6411121148382866,120,F[B-](F)(F)CN1CCCCC1
mol_121_,-669.7259478,0.070262,0.107466,-0.0755947999999762,-669.5482198,18217.630436180752,121,O=Cc1ccccc1[B-](F)(F)F
mol_122_,-840.3436158,0.357476,0.416457,-0.0829003000000057,-839.5696827999999,4.300220763327484,122,CCCCC#C[B-](OC(C)C)(OC(C)C)OC(C)C
mol_123_,-611.1938116,0.308756,0.354909,-0.06053150000002461,-610.5301466,2.8089906420667563,123,CC[B-](CC)(CC)OC1=CCCCC1C
mol_124_,-656.2267825,0.420275,0.473274,-0.0444599999999582,-655.3332335000001,2.025392431989448,124,CCCC[B-](C(C)CC)(C(C)CC)C(C)CC
mol_125_,-648.6461712,0.059884,0.09706,-0.07301150000000689,-648.4892272,4.882979176036272,125,N#Cc1cccc([B-](F)(F)F)c1
mol_126_,-595.6995035,0.086834,0.124504,-0.08186799999998584,-595.4881655,4.2841006804141415,126,Cc1cccc([B-](F)(F)F)c1
mol_127_,-595.9205512,0.098504,0.137774,-0.08436429999994743,-595.6842731999999,3.8759828486270513,127,CCC(=O)CC[B-](F)(F)F
mol_128_,-651.2856485,0.112648,0.154461,-0.09401059999993322,-651.0185395,4.505493311394028,128,CN(C)C(=O)CC[B-](F)(F)F
mol_129_,-854.0262445,0.312568,0.36429,-0.0833381999999574,-853.3493864999999,2.8380361797153895,129,CC(C)O[B-](OC(C)C)(OC(C)C)c1ccccn1
mol_12_,-670.9169957,0.092972,0.12938,-0.08453289999999924,-670.6946437,3.8485128558849078,12,COc1ccc([B-](F)(F)F)cc1
mol_130_,-481.3409427,0.074761,0.107838,-0.08252170000002934,-481.1583437,3.731416399439866,130,F[B-](F)(F)C1CCC1
mol_131_,-593.50247,0.059473,0.095455,-0.08499589999996715,-593.347542,3.5573282116398217,131,Cc1ccc([B-](F)(F)F)o1
mol_132_,-667.5256147,0.041179,0.077933,-0.07601130000000467,-667.4065026999999,4.291719895835554,132,O=Cc1ccc([B-](F)(F)F)o1
mol_133_,-916.4744385,0.055437,0.092364,-0.0805280000000721,-916.3266375000001,3.9684937295973346,133,Cc1csc([B-](F)(F)F)c1
mol_134_,-648.8384746,0.072338,0.110549,-0.07900670000003629,-648.6555876000001,4.418174381514627,134,Cc1noc(C)c1[B-](F)(F)F
mol_135_,-572.4393202,0.051964,0.087207,-0.08062919999997575,-572.3001492,4.610371811681539,135,F[B-](F)(F)c1ccncc1
mol_136_,-671.7050319,0.044226,0.079465,-0.08246320000000651,-671.5813409,4.8314950489730375,136,Fc1ncccc1[B-](F)(F)F
mol_137_,-671.7024907,0.043041,0.079239,-0.07795329999999012,-671.5802107,4.78461510493614,137,Fc1ccc([B-](F)(F)F)cn1
mol_138_,-703.0309361,0.067726,0.107225,-0.08268889999999374,-702.8559851,4.967108920041767,138,COc1ncc([B-](F)(F)F)cn1
mol_139_,-687.9684314,0.088812,0.126294,-0.09194089999994048,-687.7533254,3.6821772197752076,139,F[B-](F)(F)c1ccc2[nH]ccc2c1
mol_13_,-669.7262178,0.069682,0.107434,-0.07704679999994823,-669.5491018,18217.65443670933,13,O=Cc1ccc([B-](F)(F)F)cc1
mol_140_,-520.6582375,0.096405,0.133708,-0.08346750000009706,-520.4281245000001,4.205568338602731,140,CCCC=C[B-](F)(F)F
mol_141_,-496.2220256,0.039326,0.073335,-0.0755675999999994,-496.1093646,3.9360712468263235,141,N#CCC[B-](F)(F)F
mol_142_,-482.5730988,0.093638,0.128333,-0.08088109999999915,-482.35112780000003,3.75871768098566,142,CC(C)C[B-](F)(F)F
mol_143_,-400.6421863,-0.003957,0.024346,-0.0974292999999875,-400.6217973,5.69400111934632,143,O[B-](F)(F)F
mol_144_,-635.0043888,0.114507,0.152549,-0.08057080000003225,-634.7373328,3.245226099913275,144,CC(c1ccccc1)[B-](F)(F)F
mol_145_,-690.5927809,0.140348,0.182362,-0.08540640000001076,-690.2700709,4.467533291701786,145,CC(C[B-](F)(F)F)C(=O)N(C)C
mol_146_,-572.6926458,0.06392,0.100694,-0.09660760000008395,-572.5280318,3.9096135212731062,146,NC(=O)CC[B-](F)(F)F
mol_147_,-595.9204688,0.098798,0.137403,-0.0823025999999345,-595.6842678,3.8007975193085524,147,CC(=O)C(C)C[B-](F)(F)F
mol_148_,-484.2600914,0.096454,0.131928,-0.10787110000001121,-484.0317094,13169.450946568897,148,O[B-](O)(O)c1ccccc1
mol_149_,-877.1648712,0.031253,0.065885,-0.08068819999994048,-877.0677332,4.126924429703378,149,F[B-](F)(F)c1cccs1
mol_14_,-648.6461088,0.059489,0.097031,-0.07173419999992348,-648.4895888,4.937799430996513,14,N#Cc1ccc([B-](F)(F)F)cc1
mol_150_,-670.9323631,0.094139,0.13093,-0.07882889999996223,-670.7072940999999,4.390135668752325,150,OCc1ccccc1[B-](F)(F)F
mol_151_,-670.9138475,0.091072,0.129629,-0.08056239999996251,-670.6931464999999,3.881528548992121,151,F[B-](F)(F)COc1ccccc1
mol_152_,-990.500855,0.037484,0.075148,-0.07438249999995605,-990.388223,4.526380846247571,152,O=Cc1ccc([B-](F)(F)F)s1
mol_153_,-500.3094993,0.084512,0.120641,-0.10824490000004516,-500.10434630000003,3.217162896822557,153,O[B-](O)(O)c1cccnc1
mol_154_,-651.2461301,0.121495,0.158519,-0.0868024000000105,-650.9661161,2.8338020728601925,154,F[B-](F)(F)CN1CCOCC1
mol_155_,-670.6657305,0.158494,0.197397,-0.09042829999998503,-670.3098395,2.642606025287845,155,CN1CCN(C[B-](F)(F)F)CC1
mol_156_,-576.0228919,0.116253,0.152966,-0.08824589999994714,-575.7536729,2.739655781724489,156,F[B-](F)(F)CN1CCCC1
mol_157_,-597.1062643,0.12026,0.159089,-0.08973690000004808,-596.8269153,3.679143139345031,157,CC(C)(C)OC[B-](F)(F)F
mol_158_,-588.4903559,0.039691,0.076017,-0.08112150000010843,-588.3746479000001,4.915706427426182,158,F[B-](F)(F)c1cncnc1
mol_159_,-631.629261,0.065971,0.102225,-0.08894650000002002,-631.4610650000001,3.993060257035443,159,Oc1ccc([B-](F)(F)F)cc1
mol_15_,-371.0675643,0.099626,0.134671,-0.09404250000000047,-370.8332673,3.853706738979977,15,CO[BH-](OC)OC
mol_160_,-521.8811349,0.118283,0.155878,-0.08207649999997102,-521.6069739,3.8402922666710846,160,CCCCC[B-](F)(F)F
mol_161_,-521.882931,0.119138,0.154959,-0.07900040000004083,-521.608834,3.756712194641364,161,CC(C)(C)C[B-](F)(F)F
mol_162_,-401.5075678,-0.000488,0.029146,-0.08391530000000103,-401.4789098,5.499471665024398,162,C#C[B-](F)(F)F
mol_163_,0.0,0.0,0.0,0.0,0.0,-19283.927210686117,163,O=C(Cc1ccccc1)[B-](F)(F)F
mol_164_,-709.0318945,0.094294,0.133804,-0.0898435999999947,-708.8037965,4.617950209879124,164,Cc1ccc(C=O)c([B-](F)(F)F)c1
mol_165_,-559.9861356,0.126223,0.1637,-0.08147959999996601,-559.6962126000001,3.840011988396071,165,F[B-](F)(F)CC1CCCC1
mol_166_,-442.0427049,0.045983,0.078831,-0.0833521999999789,-441.91789090000003,4.1260917583051615,166,CC=C[B-](F)(F)F
mol_167_,-673.0859869,0.117098,0.157774,-0.08435279999991963,-672.8111148999999,4.334814722491709,167,F[B-](F)(F)C=CCc1ccccc1
mol_168_,-599.2978306,0.155653,0.19221,-0.07730309999999463,-598.9499675999999,3.588577879458566,168,CC1CCCCC1[B-](F)(F)F
mol_169_,-559.9838376,0.127415,0.163674,-0.07951170000001184,-559.6927486,3.5505743213950693,169,CC1CCCC1[B-](F)(F)F
mol_16_,-642.8963392,0.229513,0.276488,-0.08813510000004499,-642.3903382000001,4.20090429030509,16,CCO[B-](OCC)(OCC)OCC
mol_170_,-555.3201926,0.051309,0.087854,-0.0899426000000858,-555.1810296000001,3.8249204995639716,170,C#CCOC[B-](F)(F)F
mol_171_,-556.5629012,0.07336,0.110346,-0.08917519999999968,-556.3791952,3.74228738715856,171,C=CCOC[B-](F)(F)F
mol_172_,-651.0706277,0.102407,0.144295,-0.12145600000008017,-650.8239257,4.063616912994544,172,NC(CO[B-](O)(O)O)C(=O)O
mol_173_,-673.3405096,0.135384,0.173355,-0.07978760000003149,-673.0317706,3.648067625017496,173,CC1([B-](F)(F)F)CCCC(=O)C1
mol_174_,-673.1112451,0.12187,0.1595,-0.08209970000007161,-672.8298751000001,3.649515275951462,174,F[B-](F)(F)C1Cc2ccccc2C1
mol_175_,-709.0426893,0.094605,0.134275,-0.08365260000005037,-708.8138093,4.68723064724804,175,CC(=O)c1cccc([B-](F)(F)F)c1
mol_176_,-572.4346657,0.052787,0.087089,-0.08857530000000224,-572.2947897,4.20980244545793,176,F[B-](F)(F)c1ccccn1
mol_177_,-670.9279968,0.09179,0.12944,-0.08964579999997113,-670.7067668,4.299020736899369,177,OCc1cccc([B-](F)(F)F)c1
mol_178_,-670.9396642,0.090214,0.128731,-0.08889590000001135,-670.7207192000001,3.871827655078263,178,Cc1cc([B-](F)(F)F)ccc1O
mol_179_,-611.7550253,0.077735,0.11418,-0.09117560000004232,-611.5631103000001,3.3548502829491746,179,Nc1ccc([B-](F)(F)F)cc1
mol_17_,-635.0013618,0.114569,0.152847,-0.08453810000003159,-634.7339458000001,3.7754962818106477,17,F[B-](F)(F)CCc1ccccc1
mol_180_,-517.2756159,0.049176,0.083789,-0.09014090000005126,-517.1426509,4.332039151166384,180,OCC=C[B-](F)(F)F
mol_181_,-519.4329919,0.076495,0.111988,-0.08651480000003176,-519.2445089,3.8576722412807505,181,F[B-](F)(F)C=CC1CC1
mol_182_,-558.7757137,0.106662,0.142147,-0.0832269999999653,-558.5269046999999,3.812688937658463,182,F[B-](F)(F)C1=CCCCC1
mol_183_,-633.7815462,0.093234,0.130456,-0.07950180000000273,-633.5578562,4.055633063684478,183,C=C(c1ccccc1)[B-](F)(F)F
mol_184_,-674.3088849,0.138604,0.180104,-0.08452309999995578,-673.9901768999999,3.848961845362458,184,F[B-](F)(F)CCCc1ccccc1
mol_185_,-594.6878646,0.083692,0.119185,-0.08481580000000122,-594.4849876,4.04678661035137,185,F[B-](F)(F)C1=CCOCC1
mol_186_,-508.3048691,0.085508,0.120761,-0.09934409999999616,-508.0986001,3.378151476394551,186,O[B-](O)(F)c1ccccc1
mol_187_,-598.0491773,0.124427,0.166694,-0.08600779999994757,-597.7580563,4.836316923874218,187,CCCCCC#C[B-](F)(F)F
mol_188_,-595.9002446,0.1063,0.141987,-0.08373219999998582,-595.6519576,3.6959353459056223,188,F[B-](F)(F)C1CCOCC1
mol_189_,-674.3135937,0.138581,0.179371,-0.08034520000001066,-673.9956417,4.309562465669201,189,CC(C)c1cccc([B-](F)(F)F)c1
mol_18_,-877.1607943,0.031131,0.065715,-0.08104030000004059,-877.0639483000001,4.198751861948525,18,F[B-](F)(F)c1ccsc1
mol_190_,-443.2662,0.068083,0.101236,-0.0827476000000047,-443.09688100000005,3.7699750717739966,190,CCC[B-](F)(F)F
mol_191_,-518.4843223,0.070842,0.106107,-0.08409930000004806,-518.3073733000001,3.815717575790687,191,COCC[B-](F)(F)F
mol_192_,-557.7928523,0.096717,0.133697,-0.08791160000009768,-557.5624383,3.806865680159626,192,CCOCC[B-](F)(F)F
mol_193_,-482.5759584,0.09347,0.127316,-0.07906429999997044,-482.35517239999996,3.4947635684299834,193,CC(C)(C)[B-](F)(F)F
mol_194_,-694.9532461,0.079531,0.117304,-0.07869140000002517,-694.7564111,3.4767005855833477,194,Fc1ccc(C[B-](F)(F)F)cc1
mol_195_,-635.0093564,0.114283,0.152171,-0.08010720000004312,-634.7429024,3.430680524437529,195,Cc1ccccc1C[B-](F)(F)F
mol_196_,-694.9547244,0.079562,0.117285,-0.07850170000006074,-694.7578774,3.499014002172855,196,Fc1cccc(C[B-](F)(F)F)c1
mol_197_,-694.9549793,0.080326,0.117583,-0.08155299999998533,-694.7570703,3.492646515002385,197,Fc1ccccc1C[B-](F)(F)F
mol_198_,-955.7714166,0.08091,0.120145,-0.08096760000000813,-955.5703616,4.113408485771581,198,F[B-](F)(F)CCc1cccs1
mol_199_,-554.1852225,0.03494,0.068809,-0.08284449999996468,-554.0814735,3.9925813349237873,199,F[B-](F)(F)c1ccoc1
mol_19_,-616.9170151,0.397439,0.44561,-0.04913289999990411,-616.0739661,1.9811111846392349,19,CC(C)C(C)[BH-](C(C)C(C)C)C(C)C(C)C
mol_1_,-424.6842304,-0.014289,0.013401,-0.087289300000009,-424.6851184,11554.54215587086,1,F[B-](F)(F)F
mol_200_,-674.5080951,0.15544,0.196371,-0.0817971999999827,-674.1562841,3.6043605399792082,200,F[B-](F)(F)COCC1CCCC1
mol_201_,-481.3550499,0.069335,0.105163,-0.0837619999999788,-481.18055189999995,3.950648438616257,201,CC(C)=C[B-](F)(F)F
mol_202_,-556.565864,0.073809,0.110737,-0.08959750000008171,-556.3813180000001,4.285741532883703,202,COCC=C[B-](F)(F)F
mol_203_,-481.351731,0.070139,0.105434,-0.08044739999996864,-481.176158,3.8174373415558276,203,CC=C(C)[B-](F)(F)F
mol_204_,-520.6598006,0.094799,0.132006,-0.08124359999999342,-520.4329956,3.517953194798244,204,CC(C)=C(C)[B-](F)(F)F
mol_205_,-440.8233964,0.022626,0.056453,-0.08775549999995746,-440.7443174,4.898979528424022,205,CC#C[B-](F)(F)F
mol_206_,-671.1331958,0.106486,0.145673,-0.0918563999999833,-670.8810368,3.8613213012373957,206,F[B-](F)(F)CCC1OCCO1
mol_207_,-673.0820829,0.11971,0.158629,-0.08276570000009542,-672.8037439,3.985013821315922,207,F[B-](F)(F)C1CC1c1ccccc1
mol_208_,-631.8590281,0.077283,0.115033,-0.08703300000001946,-631.6667121,3.7898040799106476,208,CC(=O)OCC[B-](F)(F)F
mol_209_,-673.0857617,0.119469,0.158018,-0.08114880000005087,-672.8082747000001,4.0195179825933,209,F[B-](F)(F)C1(c2ccccc2)CC1
mol_20_,-711.2057721,0.117242,0.16226,-0.09359270000004472,-710.9262701,5.259284062291696,20,CC(=O)O[BH-](OC(C)=O)OC(C)=O
mol_210_,-481.3563025,0.071243,0.105573,-0.08110510000000204,-481.17948650000005,3.326027879464054,210,C=C(C)C[B-](F)(F)F
mol_211_,-489.0568063,0.175683,0.216555,-0.10378910000002861,-488.6645683,2.2662902544427017,211,CCCCCC[B-](O)(O)O
mol_212_,-567.666871,0.226172,0.271553,-0.10091160000001764,-567.169146,2.254317201635859,212,CCCCCCCC[B-](O)(O)O
mol_213_,-758.5198689,0.111709,0.149648,-0.0759918999999627,-758.2585119,3.653216037724748,213,F[B-](F)(F)C1CCC(F)(F)CC1
mol_214_,-670.9403146,0.09187,0.129119,-0.09466279999992366,-670.7193256,3.9096271270164435,214,Cc1cccc([B-](F)(F)F)c1O
mol_215_,-520.6649693,0.095717,0.132546,-0.0825160000000551,-520.4367063,3.3087458661959004,215,CC(C)=CC[B-](F)(F)F
mol_216_,-950.4868827,0.288577,0.344102,-0.06908789999999954,-949.8542037,3.803978541743263,216,COCC#C[B-](c1ccccc1)(c1ccccc1)c1ccccc1
mol_217_,-945.9990145,0.107528,0.151818,-0.07440619999999853,-945.7396685,4.685957149814566,217,CO[B-](OC)(OC)C(F)(F)C(F)(F)F
mol_218_,-927.5583671,0.193833,0.242039,-0.10992650000002868,-927.1224951,3.54788310566792,218,c1c[nH]c([B-](c2ncc[nH]2)(c2ncc[nH]2)c2ncc[nH]2)n1
mol_219_,-592.5502482,0.05135,0.087958,-0.0874953000000005,-592.4109402000001,3.958915287354953,219,CC(=O)OC[B-](F)(F)F
mol_21_,-263.1771016,0.163622,0.19905,-0.0680578000000196,-262.81442960000004,3.083296003007192,21,CC[BH-](CC)CC
mol_220_,-499.0123227,0.316921,0.363935,-0.05478659999999991,-498.3314667,2.574514729751136,220,CCCCCC[B-](CC)(CC)CC
mol_221_,-701.7618013,0.016771,0.051758,-0.07691450000004352,-701.6932723000001,4.159891142147565,221,F[B-](F)(F)CC(F)(F)F
mol_222_,-690.6075567,0.139986,0.182161,-0.08714650000001711,-690.2854097000001,3.7299877965518307,222,CC(C)(C)C(=O)NC[B-](F)(F)F
mol_223_,-650.0720608,0.095048,0.134212,-0.0886608000000706,-649.8428008,3.7720404233803158,223,O=C(NC[B-](F)(F)F)C1CC1
mol_224_,-710.4664484,0.129145,0.170334,-0.08344599999998081,-710.1669694,3.5951440104687724,224,CCC(CC(=O)OC)[B-](F)(F)F
mol_225_,-673.0911133,0.118527,0.158084,-0.0786527999999862,-672.8145023,3.570182916514091,225,F[B-](F)(F)CC=Cc1ccccc1
mol_226_,-669.940836,0.07776,0.11932,-0.08376439999995,-669.743756,3.431989396793782,226,CC(=O)OC=CC[B-](F)(F)F
mol_227_,0.0,0.0,0.0,0.0,0.0,-1.77,227,[O][B-](O)(O)c1ccccc1
mol_228_,-674.305769,0.139883,0.179936,-0.08103350000010323,-673.98595,3.6662149634654013,228,CC(C[B-](F)(F)F)c1ccccc1
mol_229_,-532.347426,0.074146,0.10935,-0.09165970000003654,-532.16393,4.386369599422155,229,O[B-](F)(F)c1ccccc1
mol_22_,-364.6571604,0.017472,0.046004,-0.08691470000002255,-364.59368440000003,3.9402373249741145,22,C[B-](F)(F)F
mol_230_,-671.1442313,0.104058,0.143278,-0.08994020000000091,-670.8968953,3.5359726392674378,230,O=C(CCCCO)[B-](F)(F)F
mol_231_,-669.7258225,0.069939,0.107771,-0.08309640000004492,-669.5481125000001,3.7599013805276464,231,O=C(c1ccccc1)[B-](F)(F)F
mol_232_,-711.0137013,0.067563,0.105833,-0.0787359999999353,-710.8403053000001,4.597645000779796,232,Cc1cc([B-](F)(F)F)cnc1F
mol_233_,-598.0862771,0.136147,0.171529,-0.08002779999992526,-597.7786011,3.695603365807781,233,F[B-](F)(F)C1CC2CCC1C2
mol_234_,-634.0331922,0.109791,0.146555,-0.08192140000005566,-633.7768462,3.843070559153119,234,O=C1CCCC([B-](F)(F)F)C1
mol_235_,-200.6533586,0.103252,0.133562,-0.07593839999998409,-200.41654459999998,2.728792957454273,235,C[B-](C)(C)N
mol_236_,-332.012664,0.042263,0.077339,-0.07521879999995917,-331.893062,4.863531128672857,236,C#C[B-](C#C)(C#C)C#C
mol_237_,-479.2379859,0.046283,0.079273,-0.08965030000001661,-479.1124299,4.809668717935928,237,CCO[B-](F)(F)F
mol_238_,-942.7365901,0.186111,0.236032,-0.07374239999990095,-942.3144470999999,3.6604896673049816,238,c1coc([B-](c2ccco2)(c2ccco2)c2ccco2)c1
mol_239_,-410.4436349,0.124908,0.161568,-0.10534419999999045,-410.1571589,2.3576990703232883,239,CCCC[B-](O)(O)O
mol_23_,-633.7837212,0.092149,0.130461,-0.08212599999990289,-633.5611112,4.03716190858721,23,F[B-](F)(F)C=Cc1ccccc1
mol_240_,-877.7015676,0.333784,0.383754,-0.05602139999996325,-876.9840296,2.376956637300085,240,CC(C)(C)[B-](c1ccccc1)(c1ccccc1)c1ccccc1
mol_241_,-459.3144013,0.058624,0.091214,-0.09558540000000448,-459.1645633,3.712719389023922,241,NCC[B-](F)(F)F
mol_242_,-689.4058241,0.122977,0.163263,-0.09355130000005829,-689.1195841,4.375460515622425,242,O=C1CCCN1CC[B-](F)(F)F
mol_243_,-597.1165232,0.12323,0.159962,-0.08028059999992365,-596.8333312,3.566278068612396,243,CC(C)(C)C(O)[B-](F)(F)F
mol_244_,-557.8070571,0.096869,0.132939,-0.08343229999991308,-557.5772491,3.54372791210985,244,CC(C)C(O)[B-](F)(F)F
mol_245_,-990.4945723,0.037877,0.075224,-0.08387419999996837,-990.3814712999999,3.8125692071282296,245,O=C(c1cccs1)[B-](F)(F)F
mol_246_,-685.7682932,0.058955,0.096473,-0.09399940000002971,-685.6128652000001,3.7797684847391477,246,O=C(c1ccccn1)[B-](F)(F)F
mol_247_,-535.5268627,0.064683,0.100789,-0.08193230000006224,-535.3613907000001,3.8339438275419053,247,N#CCCC[B-](F)(F)F
mol_248_,-667.5171,0.041484,0.078246,-0.0833721000000196,-667.39737,3.773390112969676,248,O=C(c1ccoc1)[B-](F)(F)F
mol_249_,-786.8282937,0.436587,0.496052,-0.05778840000004948,-785.8956547,2.3218669886545533,249,CCCC[B-](CCCC)(CCCC)NCCCOC
mol_24_,-554.1882262,0.03528,0.068869,-0.08381259999998747,-554.0840772000001,3.92785065761714,24,F[B-](F)(F)c1ccco1
mol_250_,-141.9014557,0.042319,0.067902,-0.09613670000001662,-141.79123470000002,3.442819567290971,250,[BH3-]OC
mol_251_,-481.3502916,0.071163,0.105596,-0.08064489999998159,-481.1735326,3.1146028149451683,251,C=CC(C)[B-](F)(F)F
mol_252_,-558.7643366,0.107022,0.141477,-0.08108759999993254,-558.5158375999999,2.827489008653792,252,F[B-](F)(F)C1C=CCCC1
mol_253_,-559.9655516,0.120812,0.160374,-0.08240410000007614,-559.6843656,3.176024575841487,253,CCCC=CC[B-](F)(F)F
mol_254_,-468.529425,0.068617,0.104244,-0.11048560000000407,-468.356564,12742.90698380059,254,CO[B-](O)(O)B(O)O
mol_255_,-595.919259,0.09876,0.13701,-0.08503710000002229,-595.683489,3.6981449183829658,255,CC(=O)CC(C)[B-](F)(F)F
mol_256_,0.0,0.0,0.0,0.0,0.0,-1.77,256,F[B-](F)(F)c1cc[c-]cc1
mol_257_,0.0,0.0,0.0,0.0,0.0,-18247.423449742448,257,Cc1ccc([B-](F)(F)F)c(O)c1
mol_258_,-758.475787,0.104193,0.146174,-0.07946359999994002,-758.22542,4.126723064722398,258,CCCCC(F)=C(F)[B-](F)(F)F
mol_259_,-237.5698947,0.086415,0.117862,-0.06665329999998448,-237.3656177,3.8942118215264734,259,C[B-](C)(C)C#N
mol_25_,-877.7123126,0.330994,0.383762,-0.057969200000002274,-876.9975565999999,3.4190993169936426,25,CCCC[B-](c1ccccc1)(c1ccccc1)c1ccccc1
mol_260_,-565.170126,0.181827,0.227477,-0.09135140000000774,-564.760822,15366.209874187698,260,CCCC#C[B-](OC)(OC)OC
mol_261_,-561.8509458,0.135471,0.176817,-0.11336469999992005,-561.5386577999999,3.766157300613267,261,CC(C=C[B-](O)(O)O)=CCO
mol_262_,-290.7719264,0.07495,0.107168,-0.0941022000000089,-290.5898084,2.90260630927107,262,C[BH-](N)C(N)=O
mol_263_,-1050.8355446,0.358967,0.41021,-0.049161099999992075,-1050.0663676000001,2.5274796802643205,263,CC(C)C[B-](CC(C)C)(CC(C)C)c1ccsc1
mol_264_,-801.0363353,0.333665,0.389,-0.08119299999998475,-800.3136703,4.261327389751177,264,CC(C)C#C[B-](OC(C)C)(OC(C)C)OC(C)C
mol_265_,-611.1604127,0.30003,0.353004,-0.06976800000006733,-610.5073787,2.5889857967557197,265,CCC#C[B-](CCCC)(CCCC)OC
mol_266_,-975.825526,0.365287,0.420365,-0.05112609999991946,-975.039874,2.6486932341833023,266,CCCC[B-](CCCC)(CCCC)CSC
mol_267_,-496.5880465,0.27365,0.319676,-0.061229300000036346,-495.9947205,2.999073739959687,267,CC#C[B-](CCC)(CCC)CCC
mol_268_,-693.1212531,0.399476,0.456677,-0.05818279999994047,-692.2651000999999,2.816147262264186,268,CCCC#C[B-](CCCC)(CCCC)CCCC
mol_269_,-572.8298786,0.289046,0.33353,-0.055481500000041706,-572.2073026,2.5085568145327932,269,CC[B-](CC)(CC)C(C)c1ccccc1
mol_26_,-184.579678,0.113108,0.143521,-0.06876600000001076,-184.323049,2.8536991097057967,26,C[B-](C)(C)C
mol_270_,-611.1593178,0.30171,0.352422,-0.06655160000002525,-610.5051858,2.4782731543796497,270,CCC#C[B-](CC(C)C)(CC(C)C)OC
mol_271_,-895.994137,0.293232,0.342373,-0.055291399999987334,-895.3585320000001,2.160263429549902,271,CC[B-](CC)(CC)CC=CSC(C)C
mol_272_,-493.1855152,0.224471,0.270158,-0.06469049999998333,-492.6908862,3.1729823319705663,272,CC[B-](C#CCOC)(CC)CC
mol_273_,-760.4659421,0.291586,0.344079,-0.0797615000000178,-759.8302771,2.771787101623033,273,CCCC#C[B-](OCC)(OCC)C1CCOC1
mol_274_,-575.1967272,0.323285,0.374585,-0.05796840000004977,-574.4988572,3.2456478779072433,274,C#C[B-](CCCC)(CCCC)CCCC
mol_275_,-836.1594066,0.247508,0.291192,-0.05559240000002319,-835.6207066,2.8581209757986357,275,CC[B-](CC)(CC)c1pcccc1C
mol_276_,-796.8606652,0.220903,0.263926,-0.05645059999994828,-796.3758362,3.0596492237113577,276,CC[B-](CC)(CC)c1ccccp1
mol_277_,-604.475968,0.20659,0.254912,-0.09107569999991938,-604.014466,4.424087436906499,277,CCCCC#C[B-](OC)(OC)OC
mol_278_,-525.9214714,0.158788,0.200374,-0.10132249999992382,-525.5623094,3.6075878219418853,278,CCCC=CC=C[B-](O)(O)O
mol_279_,-769.3474168,0.418837,0.471133,-0.04739670000003571,-768.4574468,20909.097249555885,279,CCC(C)[B-](Cc1ccccc1)(C(C)CC)C(C)CC
mol_27_,-402.7347026,0.021421,0.051605,-0.0841942000000131,-402.6616766,4.504856562678835,27,C=C[B-](F)(F)F
mol_280_,-733.6254035,0.448648,0.506097,-0.04603959999997187,-732.6706585,2.1174243908357013,280,CCCCC=C[B-](C(C)CC)(C(C)CC)C(C)CC
mol_281_,-924.1660124,0.468295,0.535787,-0.05338489999996909,-923.1619304,3.2070483883492877,281,CCCCC[B-](C#Cc1ccccc1)(CCCCC)CCCCC
mol_282_,-730.0496242,0.39408,0.444417,-0.04842040000005454,-729.2111272,2.366091091877798,282,CCC(C)[B-](c1ccccc1)(C(C)CC)C(C)CC
mol_283_,-799.7707744,0.315288,0.370178,-0.07993550000003324,-799.0853084,2.4829834621959788,283,CCO[B-](C#CC(C)(C)C)(OCC)C1CCOC1
mol_284_,-930.7026062,0.303203,0.356012,-0.06365259999995487,-930.0433912,3.693918974970059,284,N#C[B-](Cc1ccccc1)(Cc1ccccc1)Cc1ccccc1
mol_285_,-480.1310337,0.05015,0.083715,-0.08103539999996201,-479.99716870000003,4.040653141938774,285,C=CC(=C)[B-](F)(F)F
mol_286_,-635.2262,0.125278,0.164265,-0.08042539999996734,-634.936657,3.5065706311848133,286,CC(=O)CC(C)(C)[B-](F)(F)F
mol_287_,-520.6588089,0.097505,0.132558,-0.07805970000003981,-520.4287459000001,2.935907722963622,287,C=CC(C)(C)[B-](F)(F)F
mol_288_,-739.8347331,0.019813,0.056595,-0.07123160000003281,-739.7583251,4.537874976939666,288,F[B-](F)(F)C=CC(F)(F)F
mol_289_,-630.6644248,0.060912,0.096091,-0.07877329999996618,-630.5074218,3.8354622283214286,289,O=C1CC([B-](F)(F)F)CO1
mol_28_,-494.2306583,0.23669,0.27915,-0.05808460000002924,-493.7148183,2.9445963496916474,28,CC[B-](CC)(CC)c1ccccc1
mol_290_,-613.6026123,0.347478,0.396597,-0.06346450000000914,-612.8585373,1.7049309524806455,290,CCCC(CC)[B-](C)(O)C(CC)CCC
mol_291_,-417.0800415,0.219301,0.259306,-0.07252699999997958,-416.60143450000004,1.9087368015765724,291,CCCC(CC)[B-](C)(C)O
mol_292_,-723.8868174,0.065083,0.103207,-0.08420080000007601,-723.7185274000001,4.4253473286028235,292,F[B-](F)(F)c1ccc2ocnc2c1
mol_293_,-738.592761,-0.003466,0.034284,-0.06695479999996223,-738.561943,6.166256418099216,293,F[B-](F)(F)C#CC(F)(F)F
mol_294_,-559.9600179,0.122321,0.161175,-0.07996780000007675,-559.6765219,4.683992480698736,294,C=CCCCC[B-](F)(F)F
mol_295_,-636.4173236,0.146388,0.186798,-0.08525740000004589,-636.0841376000001,3.919423261130571,295,CC(C)(C)OCC[B-](F)(F)F
mol_296_,-673.2666631,0.127545,0.169865,-0.08268060000000332,-672.9692531,18310.721827890862,296,CCC(C)(C#C[B-](F)(F)F)OC
mol_297_,-599.2667885,0.150236,0.189369,-0.07967599999994945,-598.9271835,4.160174141573103,297,CCCCC1CC1[B-](F)(F)F
mol_298_,-1131.825585,0.448795,0.507438,-0.046502700000019104,-1130.869352,2.1590906146022757,298,CCCCC=C[B-](CSC)(C(C)C(C)C)C(C)C(C)C
mol_299_,-747.2827776,0.404506,0.454707,-0.051374699999996665,-746.4235646000001,1.9747164859820896,299,CCC(C)[B-](c1cccn1C)(C(C)CC)C(C)CC
mol_29_,-662.4509583,-0.008577,0.024426,-0.0741661000000704,-662.4351093,4.635381886302337,29,F[B-](F)(F)C(F)(F)F
mol_2_,-27.337194,0.01318,0.033101,-0.10016410000000064,-27.290913000000003,3.888549111779087,2,[BH4-]
mol_300_,-732.428887,0.424575,0.483466,-0.054379100000005565,-731.520846,2.717785912317671,300,CCCCC#C[B-](CC(C)C)(CC(C)C)CC(C)C
mol_301_,-809.8405266,0.461036,0.519819,-0.053721699999982775,-808.8596716,2.663863636315624,301,CC(C)C[B-](C#CC1CCCCC1)(CC(C)C)CC(C)C
mol_302_,-769.3701277,0.413255,0.470056,-0.05063459999996667,-768.4868167,2.3014747028034317,302,CCCC[B-](CCCC)(CCCC)Cc1ccccc1
mol_303_,-1050.830728,0.359365,0.411065,-0.04767339999989417,-1050.0602979999999,2.2595118738617965,303,CCC(C)[B-](c1cccs1)(C(C)CC)C(C)CC
mol_304_,-1165.3586688,0.394481,0.448308,-0.06224399999996422,-1164.5158798,2.666807918849672,304,CS(=O)C[B-](C1CCCC1)(C1CCCC1)C1CCCC1
mol_305_,-861.6166194,0.426305,0.478334,-0.05362749999994776,-860.7119804,23419.479982279114,305,Cn1cccc1[B-](C1CCCC1)(C1CCCC1)C1CCCC1
mol_306_,-614.5088765,0.348092,0.402567,-0.059073000000012144,-613.7582175000001,3.1202682458466584,306,CCCCC#C[B-](CCC)(CCC)CCC
mol_307_,-1051.0484344,0.368682,0.424147,-0.06459769999992204,-1050.2556054,2.9930083002591386,307,CCCC[B-](CCCC)(CCCC)CS(C)=O
mol_308_,-747.3089645,0.400562,0.452851,-0.05214569999998275,-746.4555515,2.8841487599078603,308,CC(C)C[B-](CC(C)C)(CC(C)C)c1cccn1C
mol_309_,-807.4234325,0.432087,0.483879,-0.05351410000002943,-806.5074665,2.765114845829024,309,C#C[B-](C1CCCCC1)(C1CCCCC1)C1CCCCC1
mol_30_,-708.1843631,0.100806,0.140234,-0.08181339999998727,-707.9433231,3.2971102357879443,30,CO[B-](OC)(OC)C(F)(F)F
mol_310_,-727.8488127,0.362685,0.41409,-0.04917040000009365,-727.0720377,2.2259220184457535,310,CCC(C)[B-](c1ccoc1)(C(C)CC)C(C)CC
mol_311_,-842.1709368,0.388367,0.439207,-0.05221890000007079,-841.3433628,2.4784010483490806,311,c1cc([B-](C2CCCC2)(C2CCCC2)C2CCCC2)co1
mol_312_,-811.0438302,0.475174,0.539848,-0.05539360000000215,-810.0288082,22040.315670613047,312,CCCCCCC#C[B-](CCCC)(CCCC)CCCC
mol_313_,-688.3225512,0.320088,0.372204,-0.05739460000006602,-687.6302592,2.974401087731589,313,CCC[B-](C#Cc1ccccc1)(CCC)CCC
mol_314_,-770.5498558,0.445507,0.497703,-0.04681022100010068,-769.6066458,20940.36865935534,314,CCCC[B-](C1CCCC1)(C1CCCC1)C1CCCC1
mol_315_,0.0,0.0,0.0,0.0,0.0,-21944.139654092865,315,CCCC#C[B-](C1CCCC1)(C1CCCC1)C1CCCC1
mol_316_,0.0,0.0,0.0,0.0,0.0,-1.77,316,CC(C)C[B-](C#Cc1ccccc1)(CC(C)C)CC(C)C
mol_317_,0.0,0.0,0.0,0.0,0.0,-31680.75230766337,317,c1csc([B-](C2CCCC2)(C2CCCC2)C2CCCC2)c1
mol_318_,-727.8598557,0.362703,0.413398,-0.05086089999997512,-727.0837547,19783.257703423846,318,CC(C)C[B-](CC(C)C)(CC(C)C)c1ccoc1
mol_319_,-689.5074109,0.349609,0.398929,-0.0565527999999631,-688.7588729,2.95658028709285,319,C#C[B-](C1CCCC1)(C1CCCC1)C1CCCC1
mol_31_,-558.7455666,0.099829,0.138171,-0.08446649999996225,-558.5075665999999,4.889422855362628,31,CC(C)(C)C#C[B-](F)(F)F
mol_320_,-924.1508712,0.484946,0.545077,-0.05576640000003863,-923.1208482,2.6935051054556225,320,C(#C[B-](C1CCCC1)(C1CCCC1)C1CCCC1)C1CCCCC1
mol_321_,-575.1946252,0.325958,0.374036,-0.05486329999996542,-574.4946312,2.9234856806761367,321,C#C[B-](CC(C)C)(CC(C)C)CC(C)C
mol_322_,-883.6778796,0.441359,0.495096,-0.04947500000002947,-882.7414246,2.3458158154125743,322,c1ccc(C[B-](C2CCCC2)(C2CCCC2)C2CCCC2)cc1
mol_323_,-1050.8397653,0.355174,0.4107,-0.05133619999992334,-1050.0738913,2.8957354096496997,323,CCCC[B-](CCCC)(CCCC)c1ccsc1
mol_324_,-928.9612424,0.549645,0.621989,-0.05384579999997641,-927.7896083999999,3.1100721029149105,324,CCCC#C[B-](CCCCCC)(CCCCCC)CCCCCC
mol_325_,-806.2324321,0.396094,0.453519,-0.05146469999999681,-805.3828191,2.6168557983092966,325,CCC(C)[B-](C#Cc1ccccc1)(C(C)CC)C(C)CC
mol_326_,-913.3640894,0.288471,0.343937,-0.06193970000003901,-912.7316814000001,3.8289233088040846,326,C=C(C)C#C[B-](c1ccccc1)(c1ccccc1)c1ccccc1
mol_327_,-1050.8447562,0.358871,0.410525,-0.049835499999971944,-1050.0753602,2.6099087065351356,327,CC(C)C[B-](CC(C)C)(CC(C)C)c1cccs1
mol_328_,-747.3023283,0.398245,0.453676,-0.055049800000006144,-746.4504073,2.92533061926792,328,CCCC[B-](CCCC)(CCCC)c1cccn1C
mol_329_,-1050.8141993,0.363371,0.412578,-0.04782769999997072,-1050.0382503,2.0479942903024457,329,CCC(C)[B-](c1ccsc1)(C(C)CC)C(C)CC
mol_32_,-670.9791769,0.088435,0.128758,-0.08472139999992123,-670.7619839,18250.658758143236,32,Cc1ccc(O[B-](F)(F)F)cc1
mol_330_,-920.5542353,0.420474,0.478256,-0.05457200000000739,-919.6555053,2.6736298377987393,330,C(#C[B-](C1CCCC1)(C1CCCC1)C1CCCC1)c1ccccc1
mol_331_,-774.1673844,0.489238,0.554643,-0.05030479999993531,-773.1235033999999,2.577132474476018,331,CCCCCC[B-](C)(CCCCCC)CCCCCC
mol_332_,-1165.1493661,0.385434,0.436097,-0.050342199999931836,-1164.3278351,2.4443485977090567,332,c1cc([B-](C2CCCC2)(C2CCCC2)C2CCCC2)cs1
mol_333_,-727.8589662,0.360658,0.414358,-0.05258400000002439,-727.0839502000001,2.5987764885780797,333,CCCC[B-](CCCC)(CCCC)c1ccoc1
mol_334_,0.0,0.0,0.0,0.0,0.0,-1.77,334,CC(C)C[B-](C#CC(C)(C)C)(CC(C)C)CC(C)C
mol_335_,-771.7286417,0.447597,0.512216,-0.057449300000030235,-770.7688287000001,2.933747131164768,335,CCCCCC#C[B-](CCCC)(CCCC)CCCC
mol_336_,-1050.8455133,0.356039,0.411162,-0.05195260000004964,-1050.0783122999999,2.925668041663713,336,CCCC[B-](CCCC)(CCCC)c1cccs1
mol_337_,-963.7042234,0.509488,0.578347,-0.04985229999999774,-962.6163884,2.9239836508290833,337,CCCCCC[B-](CCCCCC)(CCCCCC)c1ccoc1
mol_338_,-765.9834071,0.375266,0.426408,-0.0652425000000676,-765.1817331,2.1516673218638895,338,CCC#C[B-](OC)(C1CCCCC1)C1CCCCC1
mol_339_,-844.6110042,0.42472,0.480757,-0.06492479999997158,-843.7055272,2.3686544136386103,339,CCCCC#C[B-](OC)(C1CCCCC1)C1CCCCC1
mol_33_,-482.5744055,0.093125,0.128493,-0.08261579999998503,-482.35278750000003,3.8463060045611805,33,CCCC[B-](F)(F)F
mol_340_,-768.3744498,0.404374,0.462163,-0.06025759999999991,-767.5079128,2.0880931326110077,340,CCCCC#C[B-](OC)(C(C)C(C)C)C(C)C(C)C
mol_341_,-878.1853668,0.350678,0.409223,-0.07623239999998077,-877.4254658,3.118118538634431,341,CCCCC#C[B-](OC(C)C)(OC(C)C)c1ccccc1
mol_342_,-732.4181052,0.424519,0.483946,-0.0527138999999579,-731.5096402,2.676350986163087,342,CCCCC#C[B-](C(C)CC)(C(C)CC)C(C)CC
mol_343_,-845.8113187,0.447391,0.50226,-0.05647620000002007,-844.8616677,2.1283688495613027,343,CCCCC=C[B-](OC)(C1CCCCC1)C1CCCCC1
mol_344_,-919.6373297,0.416499,0.471444,-0.059851999999978034,-918.7493867,24998.763914917858,344,CO[B-](C=Cc1ccccc1)(C1CCCCC1)C1CCCCC1
mol_345_,-827.1402776,0.470578,0.530364,-0.05103580000002239,-826.1393356,3.2039245100291693,345,CCCCC(C)[B-](C#N)(C(C)CCCC)C(C)CCCC
mol_346_,-760.2642665,0.274065,0.326047,-0.0778459999999086,-759.6641545,2.655765498779465,346,CC(C)O[B-](C)(C#Cc1ccccc1)OC(C)C
mol_347_,-882.9822383,0.430523,0.493012,-0.07345429999998032,-882.0587032999999,2.352449975127094,347,CCCCCC[B-](C#CC(C)(C)C)(OC(C)C)OC(C)C
mol_348_,-689.761987,0.35538,0.407263,-0.061750599999982114,-688.9993440000001,2.0374443980965116,348,CCC#C[B-](OC)(C(C)C(C)C)C(C)C(C)C
mol_349_,-882.9757911,0.431353,0.493926,-0.0730857000000924,-882.0505121000001,2.110812000312997,349,CCCCCCC#C[B-](OC(C)C)(OC(C)C)C(C)CC
mol_34_,-572.4387813,0.051446,0.087181,-0.08235609999996996,-572.3001542999999,4.5876094056052015,34,F[B-](F)(F)c1cccnc1
mol_350_,-921.0806997,0.44095,0.502802,-0.07525349999991704,-920.1369477,2.0804222153698633,350,CCCCCCC#C[B-](OC(C)C)(OC(C)C)C1CCCC1
mol_351_,-611.1521698,0.302091,0.352586,-0.06593229999998584,-610.4974928,2.2806225428850406,351,CCC#C[B-](OC)(C(C)CC)C(C)CC
mol_352_,-498.9966115,0.321643,0.364317,-0.04854779999999437,-498.31065149999995,1.861984751513746,352,CC(C)[B-](C(C)C)(C(C)C)C(C)C
mol_353_,-595.6801985,0.086954,0.126309,-0.10747559999992973,-595.4669355,4.24804818572623,353,O=C(CO)CO[B-](O)(O)O
mol_354_,-710.4725049,0.12857,0.170344,-0.0854368999999906,-710.1735909,3.700191221952633,354,CCOC(=O)CC(C)[B-](F)(F)F
mol_355_,-636.4189992,0.148741,0.18827,-0.08036820000006628,-636.0819882000001,3.5486123734297643,355,CCC(CC)C(O)[B-](F)(F)F
mol_356_,-1277.7599182,0.075507,0.112761,-0.0818640999998479,-1277.5716501999998,3.398775059846835,356,F[B-](F)(F)C1SCCCS1
mol_357_,-598.07991,0.131889,0.169161,-0.08084760000008373,-597.77886,4.296343126912463,357,F[B-](F)(F)CC1CC=CCC1
mol_358_,-672.0810373,0.105259,0.147164,-0.07679600000005848,-671.8286143,5.4553237539539445,358,CC(C)(C)C(=O)C#C[B-](F)(F)F
mol_359_,-559.9708733,0.121608,0.160328,-0.08168399999999565,-559.6889372999999,3.308500962843666,359,CCC(C)=CC[B-](F)(F)F
mol_35_,-403.9607128,0.043033,0.073786,-0.08469919999998865,-403.84389380000005,3.777392922217523,35,CC[B-](F)(F)F
mol_360_,-637.3860269,0.157826,0.197519,-0.08295450000002802,-637.0306819,4.171232888530984,360,F[B-](F)(F)C=CC1CCCCC1
mol_361_,-671.8684251,0.094034,0.134826,-0.08130889999995361,-671.6395651,4.316710922427433,361,Cc1ccccc1C#C[B-](F)(F)F
mol_362_,-690.5919687,0.140775,0.182252,-0.0869619000000057,-690.2689417000001,4.422811218328688,362,CC(CC(=O)N(C)C)[B-](F)(F)F
mol_363_,-638.5832764,0.172366,0.215447,-0.07848670000009861,-638.1954634,3.315116074516894,363,CCCCC(C)=CC[B-](F)(F)F
mol_364_,-673.0901062,0.117703,0.15739,-0.08080979999999727,-672.8150132000001,3.892396815568023,364,CC(=C[B-](F)(F)F)c1ccccc1
mol_365_,-636.1744909,0.135448,0.174557,-0.08358270000007906,-635.8644859,3.664748264499424,365,F[B-](F)(F)C=CC1=CCCCC1
mol_366_,-954.5507771,0.059452,0.097774,-0.08207660000005035,-954.3935511000001,3.8945492439276808,366,F[B-](F)(F)C=Cc1ccsc1
mol_367_,-519.3990365,0.079867,0.113552,-0.0829087999999274,-519.2056174999999,3.7322572342819194,367,F[B-](F)(F)C12CC(C1)C2
mol_368_,-633.9924892,0.102257,0.142911,-0.08320149999997284,-633.7473212,3.592972534074011,368,C=CCCCC(=O)[B-](F)(F)F
mol_369_,-679.8735565,0.056623,0.092419,-0.07612829999993664,-679.7245145,3.908394446806795,369,F[B-](F)(F)C1CC(F)(F)C1
mol_36_,-559.9948078,0.129443,0.16478,-0.08081229999993411,-559.7005848,3.6996197807943267,36,F[B-](F)(F)C1CCCCC1
mol_370_,0.0,0.0,0.0,0.0,0.0,-1.77,370,O=C([O-])O[B-](O)(O)c1ccccc1
mol_371_,-481.3496719,0.073177,0.106411,-0.08264239999999745,-481.1700839,4.213043333160849,371,CC1([B-](F)(F)F)CC1
mol_372_,-730.884497,0.058083,0.094436,-0.09443099999998594,-730.731978,4.1256890283462955,372,Oc1cccc(F)c1[B-](F)(F)F
mol_373_,0.0,0.0,0.0,0.0,0.0,-1.77,373,O[B-](O)(O)O[B-](O)(O)O
mol_374_,-52.7638784,0.023953,0.046752,-0.08644790000000313,-52.693173400000006,2.920525071254801,374,B[BH3-]
mol_375_,-733.7447633,0.05951,0.100681,-0.05430230000001757,-733.5845723,4.871928592526869,375,N#C[B-](C#N)(C#N)c1cccc(F)c1F
mol_376_,-220.5229669,0.092155,0.121949,-0.09300859999999034,-220.3088629,3.378897071047161,376,[BH3-]OC(C)C
mol_377_,0.0,0.0,0.0,0.0,0.0,-26021.482265721097,377,CCCCO[B-](OCCCC)(OCCCC)OCCCC
mol_378_,-750.7025462,0.11453,0.157203,-0.08303950000004079,-750.4308132000001,4.898644827177206,378,c1ncn([BH-](n2cncn2)n2cncn2)n1
mol_379_,-509.5837159,0.080587,0.117151,-0.08318960000002562,-509.38597790000006,4.374687709489326,379,[BH2-](n1cncn1)n1cncn1
mol_37_,0.0,0.0,0.0,0.0,0.0,-1.77,37,OCC(O)CO[B-](O)(O)O
mol_380_,-600.1515949,0.185062,0.226557,-0.0742417999999816,-599.7399759,3.5903629527914194,380,C[B-](C)(c1ccccn1)c1ccccn1
mol_381_,-82.7127987,0.02849,0.051657,-0.09965929999999901,-82.63265169999998,2.7945767191783113,381,[BH3-]N
mol_382_,-336.9134829,0.12955,0.16648,-0.06486840000002303,-336.61745290000005,3.445510783023533,382,C=C[B-](C=C)(C=C)C=C
mol_383_,-673.7157601,0.079516,0.115229,-0.08924330000002101,-673.5210151,4.276035196665704,383,[BH3-]P(=O)(OC)OC
mol_384_,-538.3008016,0.349642,0.39132,-0.04682119999995393,-537.5598396,1.4759490387134542,384,C[B-](C(C)(C)C)(C(C)(C)C)C(C)(C)C
mol_385_,-874.258945,0.320916,0.376722,-0.059550800000010895,-873.561307,2.901316484949921,385,CCCCC(=C(F)F)[B-](F)(CCCC)CCCC
mol_386_,-559.3985534,0.099573,0.136098,-0.09930429999997159,-559.1628824000001,3.372053382907826,386,OO[B-](O)(O)c1ccccc1
mol_387_,-708.0229832,0.090253,0.128749,-0.08608819999994921,-707.8039812000001,3.7013286619712953,387,O=C(C1=CCOCC1)[B-](F)(F)F
mol_388_,-709.0364812,0.093318,0.134069,-0.08415170000000671,-708.8090942000001,3.7650688412730955,388,Cc1ccc(C(=O)[B-](F)(F)F)cc1
mol_389_,-634.028149,0.107722,0.144539,-0.07956630000001041,-633.775888,3.751444051406972,389,CC1([B-](F)(F)F)CCC(=O)C1
mol_38_,-900.2653759,-0.000714,0.036304,-0.06920519999994212,-900.2297859,4.513360151318198,38,F[B-](F)(F)C(F)(F)C(F)(F)F
mol_390_,-709.032122,0.095223,0.134552,-0.08262769999998909,-708.8023469999999,3.604684356631664,390,Cc1ccccc1C(=O)[B-](F)(F)F
mol_391_,-669.9349832,0.079807,0.120376,-0.08126690000005965,-669.7348002000001,3.667651729803459,391,O=CCCCC(=O)[B-](F)(F)F
mol_392_,-674.4843158,0.150539,0.192758,-0.08935159999998632,-674.1410188,3.633871393996159,392,C=CCCCCOC[B-](F)(F)F
mol_393_,-595.9108771,0.098776,0.138371,-0.08334319999994477,-595.6737301,3.585489376067413,393,CCCCC(=O)[B-](F)(F)F
mol_394_,-635.2266458,0.123942,0.164538,-0.08458930000006148,-634.9381658,3.815333893870021,394,CCC(=O)CC(C)[B-](F)(F)F
mol_395_,-634.0322232,0.109468,0.146447,-0.0815408999999363,-633.7763082,3.8125610436859385,395,O=C1CCC([B-](F)(F)F)CC1
mol_396_,-627.8043915,0.064128,0.102121,-0.08177089999992404,-627.6381425,4.721745693112046,396,Cc1ncc([B-](F)(F)F)cn1
mol_397_,-638.5871615,0.181358,0.22084,-0.07928440000000592,-638.1849635,3.4783904187190244,397,F[B-](F)(F)C1CCCCCCC1
mol_398_,-625.6683233,0.169449,0.213317,-0.08577409999998054,-625.2855573,2.00640697984228,398,COB(OC)[B-](OC)(OC)OC
mol_399_,-670.9300929,0.092456,0.130057,-0.08428470000001198,-670.7075799,3.1632079670436144,399,OC(c1ccccc1)[B-](F)(F)F
mol_39_,-420.407212,0.265303,0.308522,-0.05626319999998941,-419.833387,2.69575277400627,39,CCC[B-](C)(CCC)CCC
mol_3_,-812.7788307,0.226187,0.274704,-0.06335009999997965,-812.2779396999999,4.081500300042736,3,N#C[B-](c1ccccc1)(c1ccccc1)c1ccccc1
mol_400_,-556.6065863,0.074705,0.110594,-0.08345310000004247,-556.4212873,3.544851746385174,400,CC(C)C(=O)[B-](F)(F)F
mol_401_,-595.9141244,0.100372,0.137448,-0.08173939999994673,-595.6763044,3.5306582365143595,401,CC(C)(C)C(=O)[B-](F)(F)F
mol_402_,-917.6551688,0.079478,0.11608,-0.08071179999990363,-917.4596108,3.7901932041261746,402,F[B-](F)(F)C1=CCSCC1
mol_403_,-520.6613262,0.095868,0.133133,-0.08247289999997065,-520.4323251999999,3.2594958019368803,403,CCC=CC[B-](F)(F)F
mol_404_,-638.5791707,0.171057,0.215082,-0.08170239999992646,-638.1930316999999,3.206229322688222,404,CCCCCC=CC[B-](F)(F)F
mol_405_,-637.3905751,0.156975,0.196639,-0.0824565000000348,-637.0369611,3.883120420789378,405,F[B-](F)(F)CCC1=CCCCC1
mol_406_,-588.4867893,0.041572,0.075965,-0.08562570000003689,-588.3692523000001,4.4352686355420445,406,F[B-](F)(F)c1ccncn1
mol_407_,-757.3082124,0.088909,0.126778,-0.079516099999978,-757.0925254000001,4.119990943672553,407,F[B-](F)(F)C1=CCC(F)(F)CC1
mol_408_,-261.9708453,0.142078,0.176206,-0.06476379999998017,-261.6525613,2.283264777944527,408,C=CC[B-](C)(C)C
mol_409_,-673.325287,0.135339,0.174653,-0.08306240000001708,-673.0152949999999,3.4991038000720773,409,O=C(C1CCCCC1)[B-](F)(F)F
mol_40_,-538.3242275,0.341895,0.391097,-0.053690599999981714,-537.5912355,2.366033947763205,40,CCCC[B-](C)(CCCC)CCCC
mol_410_,-770.5746016,0.18206,0.225941,-0.08784010000010767,-770.1666006,2.4705015546464693,410,ON(c1ccccc1)[B-](O)(O)c1ccccc1
mol_411_,-161.3106999,0.078998,0.106435,-0.0904427000000112,-161.12526689999999,2.322979938332422,411,[BH3-]N(C)C
mol_412_,-835.0562266,0.258252,0.306936,-0.06692919999989044,-834.4910386,3.846605330880578,412,CO[B-](c1ccccc1)(c1ccccc1)c1ccccc1
mol_413_,-418.7582355,0.033963,0.069356,-0.05910399999999072,-418.65491649999996,5.406209747108191,413,CO[B-](C#N)(C#N)C#N
mol_414_,-602.2718933,0.020171,0.052969,-0.07152099999996153,-602.1987533,4.42356225527616,414,[BH3-]C(F)(F)C(F)(F)F
mol_415_,-325.3374923,-0.007157,0.01931,-0.09010590000002594,-325.3253393,4.156810802198704,415,F[BH-](F)F
mol_41_,-823.5595375,0.423718,0.474444,-0.05439980000005562,-822.6613755000001,3.245310455514544,41,N#C[B-](C1CCCCC1)(C1CCCCC1)C1CCCCC1
mol_42_,-827.1637864,0.463542,0.528771,-0.05386129999999412,-826.1714734000001,22479.581540775253,42,CCCCCC[B-](C#N)(CCCCCC)CCCCCC
mol_43_,0.0,0.0,0.0,0.0,0.0,-1.77,43,CC(C)C(C)[B-](C#N)(C(C)C(C)C)C(C)C(C)C
mol_44_,-442.0414574,0.048366,0.079928,-0.08579650000001493,-441.91316340000003,4.254538124579005,44,F[B-](F)(F)C1CC1
mol_45_,-656.2391379,0.417084,0.473319,-0.04884009999989303,-655.3487349,2.5469168430333746,45,CCCC[B-](CCCC)(CCCC)CCCC
mol_46_,-877.7029134,0.331353,0.383809,-0.056295200000022305,-876.9877514,2.607285519509206,46,CCC(C)[B-](c1ccccc1)(c1ccccc1)c1ccccc1
mol_47_,-633.0439371,0.099584,0.138434,-0.09389869999995426,-632.8059191,3.894029504586014,47,OCC(O)CC[B-](F)(F)F
mol_48_,-700.4940255,-0.00555,0.029437,-0.07274610000001758,-700.4701385,4.568670212985998,48,FC(F)=C(F)[B-](F)(F)F
mol_49_,-442.0449481,0.045989,0.078535,-0.08270549999997456,-441.9204241,3.3238210281387794,49,C=CC[B-](F)(F)F
mol_4_,-341.7900605,0.215512,0.254062,-0.05840069999999287,-341.3204865,2.6383474280980423,4,CC[B-](CC)(CC)CC
mol_50_,-709.0433681,0.093739,0.134213,-0.08014759999991838,-708.8154160999999,19286.14910629165,50,CC(=O)c1ccc([B-](F)(F)F)cc1
mol_51_,-914.1572729,0.328934,0.385983,-0.07900649999999132,-913.4423558999999,24854.351733071977,51,CC(C)O[B-](C#Cc1ccccc1)(OC(C)C)OC(C)C
mol_52_,-938.3722045,0.294574,0.349457,-0.07536019999997734,-937.7281734999999,3.7762990205685703,52,Cc1cc(C)n([BH-](n2nc(C)cc2C)n2nc(C)cc2C)n1
mol_53_,-673.0934988,0.117084,0.156666,-0.08255189999999857,-672.8197488000001,3.869541890451219,53,Cc1ccc(C=C[B-](F)(F)F)cc1
mol_54_,-105.9543362,0.063296,0.089409,-0.08404720000000054,-105.8016312,3.3153936316522103,54,C[BH2-]C
mol_55_,-481.3484818,0.071379,0.106082,-0.08129630000001953,-481.1710208,3.896388740219964,55,C=CCC[B-](F)(F)F
mol_56_,-846.7348863,0.449051,0.509083,-0.05630619999999453,-845.7767522999999,2.6693794040496805,56,CCCCC#C[B-](C1CCCC1)(C1CCCC1)C1CCCC1
mol_57_,-730.0653673,0.387378,0.443672,-0.05189460000008239,-729.2343173,2.8027837026472517,57,CCCC[B-](CCCC)(CCCC)c1ccccc1
mol_58_,-733.6397492,0.444113,0.505723,-0.05039399999998295,-732.6899132,2.6362167689255593,58,CCCCC=C[B-](CCCC)(CCCC)CCCC
mol_59_,-732.4274203,0.422165,0.484258,-0.057298400000036054,-731.5209973000001,3.0023880986710636,59,CCCCC#C[B-](CCCC)(CCCC)CCCC
mol_5_,-328.5115604,0.028315,0.05771,-0.12366819999999734,-328.4255354,4.791894176815875,5,O[B-](O)(O)O
mol_60_,-639.7992545,0.195039,0.238614,-0.07879619999994247,-639.3656015,3.7809848380611224,60,CCCCCCCC[B-](F)(F)F
mol_61_,-442.0457545,0.046249,0.078469,-0.08211760000000368,-441.9210365,4.216686950822636,61,C=C(C)[B-](F)(F)F
mol_62_,-673.0905939,0.118033,0.157588,-0.08006530000000112,-672.8149729,3.8333669440856437,62,CC(=Cc1ccccc1)[B-](F)(F)F
mol_63_,-518.2146346,0.054186,0.088737,-0.0816555999999764,-518.0717116,4.309366542986176,63,C=C(C)C#C[B-](F)(F)F
mol_64_,-688.0976909,0.141472,0.183046,-0.07488079999995989,-687.7731729,3.970929157379435,64,F[B-](F)(c1ccccc1)c1ccccc1
mol_65_,-633.7825323,0.091861,0.129982,-0.07933839999998327,-633.5606892999999,17238.35633836503,65,C=Cc1ccc([B-](F)(F)F)cc1
mol_66_,-485.6547819,0.129415,0.167666,-0.09440669999997908,-485.3577009,4.292291336993859,66,CO[B-](OC)(OC)OC
mol_67_,-990.4957658,0.037343,0.075059,-0.07727349999993294,-990.3833638,4.632981833446108,67,O=Cc1cc([B-](F)(F)F)cs1
mol_68_,0.0,0.0,0.0,0.0,0.0,-18272.025245985904,68,Cc1ccc(C#C[B-](F)(F)F)cc1
mol_69_,-66.6443695,0.03832,0.061686,-0.0920772999999997,-66.5443635,3.5766755765146816,69,[BH3-]C
mol_6_,-800.1397755,0.332241,0.383351,-0.0835671000000957,-799.4241835000001,4.192430634299834,6,CC(C)O[B-](OC(C)C)(OC(C)C)OC(C)C
mol_70_,-573.6090675,0.067494,0.105673,-0.08061220000001867,-573.4359005,4.419192090996866,70,N#CCCC=C[B-](F)(F)F
mol_71_,-707.8339221,0.077247,0.114556,-0.07944069999996373,-707.6421191,3.9455734969143657,71,F[B-](F)(F)c1cc2ccccc2o1
mol_72_,-595.6991535,0.088794,0.124919,-0.07950359999995271,-595.4854405,4.2599477675308055,72,Cc1ccccc1[B-](F)(F)F
mol_73_,-499.0150134,0.316719,0.363692,-0.052351100000009865,-498.3346024,2.4882271150957656,73,CCC[B-](CCC)(CCC)CCC
mol_74_,-655.6446485,0.053459,0.090168,-0.07756610000001274,-655.5010215000001,4.480559428932208,74,Fc1ccc([B-](F)(F)F)cc1
mol_75_,-754.9011497,0.045695,0.082309,-0.08096000000000458,-754.7731457,4.623841496085371,75,Fc1cccc(F)c1[B-](F)(F)F
mol_76_,-634.9468189,0.11225,0.152415,-0.08495170000003327,-634.6821539,4.018475782765627,76,F[B-](F)(F)C#CC1=CCCCC1
mol_77_,-396.4596862,0.00259,0.037015,-0.04783560000004172,-396.4200812,7.305693757580105,77,N#C[B-](C#N)(C#N)C#N
mol_78_,-632.5569585,0.069267,0.10841,-0.08258939999996073,-632.3792814999999,4.466975456286816,78,F[B-](F)(F)C#Cc1ccccc1
mol_79_,-746.2260236,0.102913,0.145047,-0.07729940000001534,-745.9780636,4.292381134893082,79,CO[B-](OC)(OC)C(F)=C(F)F
mol_7_,-499.0038143,0.318893,0.363891,-0.05511350000000448,-498.32103029999996,2.480986139293974,7,CCC(C)[BH-](C(C)CC)C(C)CC
mol_80_,-886.0424794,0.476259,0.536703,-0.054798600000026454,-885.0295174,2.769071395556639,80,CCCCCC#C[B-](C1CCCC1)(C1CCCC1)C1CCCC1
mol_81_,-631.634138,0.067302,0.102753,-0.07754139999997278,-631.464083,3.9810327812614372,81,Oc1ccccc1[B-](F)(F)F
mol_82_,-927.6510779,0.194811,0.242554,-0.07571589999997741,-927.2137129,4.120380067888078,82,c1cn([B-](n2ccnc2)(n2ccnc2)n2ccnc2)cn1
mol_83_,-678.2904218,0.17727,0.224086,-0.08717090000004646,-677.8890657999999,4.325557375757446,83,CO[B-](C#Cc1ccccc1)(OC)OC
mol_84_,-754.8993408,0.044499,0.08211,-0.0723069000000578,-754.7727318000001,4.6752439887040484,84,Fc1cc(F)cc([B-](F)(F)F)c1
mol_85_,-840.3456875,0.359174,0.415685,-0.08019480000007206,-839.5708285,4.2710527740042785,85,CC(C)O[B-](C#CC(C)(C)C)(OC(C)C)OC(C)C
mol_86_,-925.3541444,0.502962,0.564388,-0.054075600000032864,-924.2867944,2.668285502408463,86,CCCCCCC#C[B-](C1CCCC1)(C1CCCC1)C1CCCC1
mol_87_,0.0,0.0,0.0,0.0,0.0,-25243.492826781363,87,CCCCCCC#C[B-](CCCCC)(CCCCC)CCCCC
mol_88_,0.0,0.0,0.0,0.0,0.0,-24930.795349561075,88,Cc1ccc([B-](F)(F)F)s1
mol_89_,-595.6993783,0.087715,0.124391,-0.08208680000007007,-595.4872723000001,4.232839687520606,89,Cc1ccc([B-](F)(F)F)cc1
mol_8_,-119.6324826,0.011186,0.035471,-0.07935190000000603,-119.5858256,4.35599069907261,8,[BH3-]C#N
mol_90_,-378.667883,0.196295,0.23769,-0.0657547000000136,-378.233898,3.087105610716351,90,CC#C[B-](CC)(CC)CC
mol_91_,0.0,0.0,0.0,0.0,0.0,-11357.42229170752,91,CCC#C[B-](CC)(CC)CC
mol_92_,-570.4067646,0.242689,0.289606,-0.06128990000001977,-569.8744695999999,3.1570364025468884,92,CC[B-](C#Cc1ccccc1)(CC)CC
mol_93_,-260.7587675,0.119836,0.154946,-0.07264849999995704,-260.48398549999996,3.332912384825668,93,CC#C[B-](C)(C)C
mol_94_,-481.3543713,0.070851,0.105776,-0.08324880000003532,-481.17774430000003,3.233952382235717,94,CC=CC[B-](F)(F)F
mol_95_,-558.7431427,0.099283,0.139121,-0.08628020000003289,-558.5047387,4.824558841788598,95,CCCCC#C[B-](F)(F)F
mol_96_,-795.7687078,0.231924,0.279692,-0.07325349999996433,-795.2570918,3.594006570450111,96,O[B-](c1ccccc1)(c1ccccc1)c1ccccc1
mol_97_,-674.3128967,0.137116,0.177885,-0.07742059999998219,-673.9978957000001,3.966175311188756,97,Cc1cc(C)c([B-](F)(F)F)c(C)c1
mol_98_,-496.5894747,0.274868,0.320355,-0.06423869999997578,-495.99425169999995,2.9646566554387417,98,CCCCC#C[B-](CC)(CC)CC
mol_99_,-355.4796934,0.162837,0.200735,-0.06237709999999197,-355.11612139999994,3.6046816354857802,99,CC[B-](C#N)(CC)CC
mol_9_,-702.5032548,0.148093,0.190553,-0.07763620000002902,-702.1646088,4.401316867390964,9,c1cnn([BH-](n2cccn2)n2cccn2)c1
